692,411,313,306,323,323,316,323.965857178538,316.57595245903
312,506,155,446,126,425,133,425.633553676672,133.017805259977
45,147,43,109,37,117,73,117.288617844641,73.7337160945418
286,63,147,83,188,65,170,65.4657568516527,170.262972497744
593,409,272,317,255,322,271,322.111109886638,271.842038669361
310,261,155,198,172,195,161,195.323051248645,161.022516769053
727,270,326,174,330,200,324,200.708491473847,324.874331777892
1007,173,463,18,386,129,445,129.319005465295,445.870807204289
983,15,418,20,378,35,391,35.1593789599966,391.488649791097
824,124,357,341,381,98,346,98.955855190061,346.999320504926
839,631,361,625,407,594,391,594.872302059586,391.829684598366
227,521,127,144,111,443,97,443.224999732979,97.6104596996429
453,183,214,113,245,138,220,138.907207274888,220.656558245106
8,256,17,194,29,192,32,192.791513263252,32.1252532368605
883,592,383,461,445,537,416,537.696988158623,416.05507239114
397,125,190,97,187,101,202,101.681025099669,202.386892403223
761,118,337,99,345,95,329,95.4946799011125,329.346627499134
80,276,67,301,34,207,75,207.579380728451,75.6181946393837
98,468,77,417,51,382,50,382.882121748455,50.4241939370219
333,580,161,561,121,518,129,518.590062766363,129.302852248892
501,447,231,362,225,360,225,360.624024548404,225.604320408119
558,414,259,332,243,327,257,327.056910232642,257.633029879357
654,293,297,234,302,219,297,219.1069246782,297.082668955407
1004,265,459,58,440,195,454,195.645798983626,454.325452585269
533,123,248,145,241,99,252,99.7144835702666,252.40750228259
316,168,157,144,181,129,170,129.553326099189,170.784147167257
755,203,335,129,341,151,330,151.306433281453,330.803422324043
136,589,93,589,17,530,41,530.114196741268,41.5286546358144
126,392,91,327,84,306,80,306.371327053871,80.2150551782399
653,604,296,625,262,553,302,553.707971262817,302.158922257014
904,408,389,330,425,320,399,320.810614521071,399.76796806655
753,444,334,417,115,357,341,357.431122221365,341.462429506598
601,95,275,87,266,82,275,82.3622384723013,275.784148952267
636,627,289,37,72,587,293,587.575199280486,293.289706339996
170,45,105,45,167,55,137,55.950797392131,137.605395127537
931,578,394,595,448,518,428,518.322486503041,428.319883953232
267,216,141,135,149,162,152,162.492986068224,152.223653138047
525,275,244,174,263,205,245,205.305465749064,245.401055146064
343,150,164,134,202,117,178,117.766536612283,178.291662479282
339,108,163,135,149,91,180,91.6170333702442,180.39433514484
920,165,393,535,442,124,381,124.815597621002,381.505491274837
402,446,191,444,193,359,181,359.598022978087,181.024977565811
580,337,268,252,265,255,268,255.959244443476,268.145638739941
25,150,34,494,8,119,65,119.308220383536,65.5302761780534
967,142,406,47,382,109,391,109.69734489065,391.313481136194
576,71,266,80,284,68,268,68.425232487099,268.319935095657
4,25,12,37,85,46,65,46.3341294855287,65.6881560295951
663,285,303,183,77,212,302,212.670039220982,302.845871725007
685,628,311,626,296,589,323,589.451662187182,323.182979005
773,276,342,210,330,205,340,205.24528843749,340.736425214679
577,118,267,113,245,96,268,96.388165861928,268.850907516883
483,383,225,317,255,297,222,297.440470240312,222.209531107557
531,425,246,373,224,338,243,338.041146964864,243.127347382717
903,394,389,366,419,307,398,307.216735521149,398.250703819461
246,615,133,129,413,567,86,567.374007306526,86.9543936326834
518,25,242,36,157,43,249,43.0864061724485,249.254326163073
672,393,306,336,321,306,308,306.555802783153,308.430945197389
451,353,213,296,239,270,211,270.260031597454,211.297603355109
635,607,289,586,277,557,292,557.947199344792,292.960024873941
615,312,282,242,264,234,282,234.724009548305,282.354257414485
610,610,279,37,85,562,279,562.167785148323,279.727738515804
125,317,89,232,126,240,90,240.227193752188,90.4342548859389
677,303,308,225,298,227,308,227.125452253689,308.189897410272
399,303,190,206,192,228,191,228.016724234061,191.378048674352
61,399,51,494,8,313,36,313.117846716355,36.9106450481587
901,375,389,307,356,289,396,289.301613630897,396.251129310487
150,534,98,531,30,458,60,458.816501516303,60.507977456061
671,293,306,133,333,219,305,219.03519962132,305.969652276349
863,562,371,480,434,496,396,496.523450428445,396.384937451747
351,327,170,268,162,248,169,248.044875983207,169.602397058403
623,543,284,544,308,471,285,471.234948660738,285.807388036957
530,411,245,325,244,324,242,324.141009300171,242.482800316313
922,190,393,100,381,141,383,141.662284759321,383.45396578367
739,10,331,44,406,33,320,33.7614529584607,320.858590005695
86,611,68,568,426,560,3,560.677501288112,3.61432715347294
313,295,156,248,170,221,158,221.821175410835,158.773220625471
53,305,47,127,67,230,51,230.699320226985,51.4240642069701
24,335,33,258,89,255,31,255.693652478449,31.8632055201242
889,442,387,374,419,355,401,355.301690120086,401.345652880118
828,461,357,392,378,375,368,375.526166735077,368.937592953693
172,210,106,169,158,158,120,158.633213652915,120.996730409146
765,429,338,336,381,341,345,341.937212644172,345.052874173788
763,556,337,481,381,488,352,488.343131456717,352.605441000758
157,541,100,531,30,467,61,467.472666076288,61.3838800045679
259,165,138,83,188,127,154,127.801286885502,154.282702781592
934,69,395,52,373,65,376,65.5084212750975,376.333371688359
985,162,423,58,440,122,408,122.477553774522,408.320848084936
322,224,159,164,221,168,168,168.004878919372,168.024503005336
726,81,325,99,345,73,317,73.4316015926337,317.899905086955
768,191,340,156,373,142,334,142.94214476119,334.90278339482
245,597,133,627,88,541,90,541.675796160028,90.6338107280239
151,523,99,417,72,445,64,445.481500607267,64.0577315717067
683,572,310,601,343,509,319,509.305808902878,319.248577017683
976,326,413,101,401,245,416,245.578006886162,416.012412619716
945,463,397,536,456,377,415,377.720693497316,415.394976917625
342,145,164,93,176,114,178,114.568805830417,178.652205011607
764,581,337,573,446,521,354,521.832353746589,354.588189239857
372,47,181,32,190,56,199,56.009254868263,199.051112802685
104,619,79,627,344,572,15,572.423000556383,15.5323090402635
186,532,111,87,176,456,76,456.445358137206,76.4736452525115
21,552,30,627,88,480,-25,480.772631910456,-25.9063729087148
163,577,102,577,32,513,55,513.944183943964,55.7335227712121
825,162,357,156,388,123,348,123.264354374234,348.927533533085
171,394,105,328,97,308,94,308.206601192334,94.5799543227134
348,512,167,347,145,432,146,432.713605040729,146.325688544996
101,188,79,179,91,143,99,143.782001297987,99.5064235943664
1008,366,464,53,441,280,475,280.648528543131,475.206838292582
665,216,304,151,333,160,302,160.804312016714,302.472549391706
357,262,172,206,192,195,177,195.930776766865,177.068862236484
925,221,393,176,391,163,385,163.455911604527,385.974599426015
813,80,355,84,345,72,343,72.4414749924141,343.202806082742
689,382,312,364,323,296,314,296.15161470831,314.532640410478
495,424,229,391,224,337,224,337.067335994472,224.509891397853
12,335,21,42,50,255,19,255.767088930481,19.9600354045849
89,324,72,200,74,246,72,246.167054022582,72.5395250717855
554,396,257,339,258,309,255,309.588061610473,255.816254239666
597,58,274,57,283,60,275,60.8936329728664,275.018497914329
43,538,41,555,22,463,-8,463.378631828529,-8.55446062272947
996,599,441,47,442,548,494,548.420758532836,494.629639224652
314,485,156,410,141,401,137,401.667902638421,137.081357142527
556,72,258,75,260,69,261,69.110064372071,261.643317960005
748,157,332,85,332,120,326,120.287893440758,326.352211516888
995,292,439,250,427,217,438,217.158927294581,438.177295585142
233,467,130,417,72,381,110,381.852526526938,110.137005760251
139,468,94,417,97,382,69,382.89832297816,69.4842184732591
664,95,304,70,317,81,300,81.9797996279263,300.41356121081
579,148,268,65,259,115,269,115.232880807698,269.527202746545
821,630,356,601,343,593,384,593.252446821475,384.837014261105
158,552,100,543,28,481,58,481.305074504326,58.9570803009847
363,193,174,422,224,146,184,146.144749742889,184.091010080226
359,73,173,346,168,70,191,70.8332435783852,191.015012472329
732,277,328,210,344,206,327,206.149294699577,327.091942966096
940,130,395,78,377,102,380,102.226395491165,380.654441173161
42,524,41,621,38,446,-4,446.383584080093,-4.59790397006311
361,36,174,44,209,50,193,50.0354630452892,193.981539855952
83,218,68,216,83,164,85,164.653054018797,85.4355710785438
961,228,404,129,413,168,396,168.410098706598,396.978788459851
657,94,299,626,296,81,296,81.4501418274415,296.149817217656
695,375,314,298,329,289,316,289.639208067049,316.429813930313
398,139,190,133,250,110,201,110.44503711279,201.62319980207
780,315,343,246,339,236,343,236.780122689854,343.77236771475
409,328,194,97,217,248,193,248.733973723528,193.587457121298
39,518,40,621,38,439,-4,439.238075203049,-4.10419957505305
189,126,112,37,127,103,135,103.270372337552,135.494127145445
639,369,291,345,299,284,292,284.236822530966,292.016981722789
482,533,224,468,224,458,212,458.345682023163,212.540935943636
803,250,352,252,375,185,349,185.199763892056,349.040266958775
640,378,291,301,313,292,292,292.516471344417,292.125651542235
583,427,268,381,266,340,267,340.019908104808,267.320383369979
205,569,118,526,120,503,77,503.469443711689,77.4310542578499
779,258,343,246,359,191,340,191.336374334527,340.807824944626
149,288,98,232,126,216,103,216.709372961585,103.456406533149
11,345,20,42,50,264,16,264.342963995245,16.7995922423932
1003,178,459,22,398,132,442,132.733053142193,442.831279290621
936,97,395,73,386,81,378,81.9704261922225,378.270664489086
210,98,120,83,188,86,144,86.1712393716065,144.977263478474
380,412,182,336,173,325,174,325.279918921802,174.275232123119
792,136,348,61,374,106,339,106.599881395515,339.679570361216
899,432,388,345,416,344,401,344.932921826405,401.33476543993
532,13,247,88,254,36,253,36.5759297528408,253.483872458922
820,322,356,254,396,242,357,242.569877736432,357.373115752467
209,30,120,36,133,47,151,47.5216039312462,151.002894894075
334,621,161,21,158,576,122,576.589371928789,122.592376614013
